arquivo,timestamp_s,timecode,tipo
0001_00-00-00_000.jpg,0.000,00-00-00.000,ini
0002_00-00-04_750.jpg,4.750,00-00-04.750,suave
0003_00-00-07_750.jpg,7.750,00-00-07.750,suave
0004_00-00-11_250.jpg,11.250,00-00-11.250,suave
0005_00-00-15_750.jpg,15.750,00-00-15.750,suave
0006_00-00-19_250.jpg,19.250,00-00-19.250,suave
0007_00-00-23_250.jpg,23.250,00-00-23.250,suave
0008_00-00-27_500.jpg,27.500,00-00-27.500,suave
0009_00-00-31_750.jpg,31.750,00-00-31.750,suave
0010_00-00-39_000.jpg,39.000,00-00-39.000,suave
0011_00-00-40_750.jpg,40.750,00-00-40.750,suave
0012_00-00-44_750.jpg,44.750,00-00-44.750,suave
0013_00-00-49_500.jpg,49.500,00-00-49.500,suave
0014_00-00-57_524.jpg,57.524,00-00-57.524,corte
0015_00-00-58_592.jpg,58.592,00-00-58.592,corte
0016_00-01-01_000.jpg,61.000,00-01-01.000,suave
0017_00-01-02_829.jpg,62.829,00-01-02.829,corte
0018_00-01-06_400.jpg,66.400,00-01-06.400,corte
0019_00-01-09_000.jpg,69.000,00-01-09.000,suave
0020_00-01-15_500.jpg,75.500,00-01-15.500,suave
0021_00-01-19_980.jpg,79.980,00-01-19.980,corte
0022_00-01-21_214.jpg,81.214,00-01-21.214,corte
0023_00-01-23_750.jpg,83.750,00-01-23.750,suave
0024_00-01-29_250.jpg,89.250,00-01-29.250,suave
0025_00-01-31_191.jpg,91.191,00-01-31.191,corte
0026_00-01-34_761.jpg,94.761,00-01-34.761,corte
0027_00-01-37_750.jpg,97.750,00-01-37.750,suave
0028_00-01-40_000.jpg,100.000,00-01-40.000,suave
0029_00-01-44_250.jpg,104.250,00-01-44.250,suave
0030_00-01-46_640.jpg,106.640,00-01-46.640,corte
0031_00-01-50_811.jpg,110.811,00-01-50.811,corte
0032_00-01-54_014.jpg,114.014,00-01-54.014,corte
0033_00-02-01_688.jpg,121.688,00-02-01.688,corte
0034_00-02-03_250.jpg,123.250,00-02-03.250,suave
0035_00-02-06_526.jpg,126.526,00-02-06.526,corte
0036_00-02-08_996.jpg,128.996,00-02-08.996,corte
0037_00-02-11_398.jpg,131.398,00-02-11.398,corte
0038_00-02-12_199.jpg,132.199,00-02-12.199,corte
0039_00-02-27_514.jpg,147.514,00-02-27.514,corte
0040_00-02-37_750.jpg,157.750,00-02-37.750,suave
0041_00-02-39_359.jpg,159.359,00-02-39.359,corte
0042_00-02-44_000.jpg,164.000,00-02-44.000,suave
0043_00-02-56_109.jpg,176.109,00-02-56.109,corte
0044_00-02-58_745.jpg,178.745,00-02-58.745,corte
0045_00-03-12_325.jpg,192.325,00-03-12.325,corte
0046_00-03-14_528.jpg,194.528,00-03-14.528,corte
0047_00-03-17_531.jpg,197.531,00-03-17.531,corte
0048_00-03-30_500.jpg,210.500,00-03-30.500,suave
0049_00-03-35_882.jpg,215.882,00-03-35.882,corte
0050_00-03-38_018.jpg,218.018,00-03-38.018,corte
0051_00-03-42_622.jpg,222.622,00-03-42.622,corte
0052_00-03-43_590.jpg,223.590,00-03-43.590,corte
0053_00-03-55_202.jpg,235.202,00-03-55.202,corte
0054_00-04-13_120.jpg,253.120,00-04-13.120,corte
0055_00-04-16_000.jpg,256.000,00-04-16.000,suave
0056_00-04-19_500.jpg,259.500,00-04-19.500,suave
0057_00-04-20_961.jpg,260.961,00-04-20.961,corte
0058_00-04-23_997.jpg,263.997,00-04-23.997,corte
0059_00-04-27_750.jpg,267.750,00-04-27.750,suave
0060_00-04-29_569.jpg,269.569,00-04-29.569,corte
0061_00-04-30_904.jpg,270.904,00-04-30.904,corte
0062_00-04-37_577.jpg,277.577,00-04-37.577,corte
0063_00-04-41_248.jpg,281.248,00-04-41.248,corte
0064_00-04-43_884.jpg,283.884,00-04-43.884,corte
0065_00-04-45_452.jpg,285.452,00-04-45.452,corte
0066_00-04-48_255.jpg,288.255,00-04-48.255,corte
0067_00-04-51_691.jpg,291.691,00-04-51.691,corte
0068_00-04-52_626.jpg,292.626,00-04-52.626,corte
0069_00-05-00_800.jpg,300.800,00-05-00.800,corte
0070_00-05-04_750.jpg,304.750,00-05-04.750,suave
0071_00-05-06_473.jpg,306.473,00-05-06.473,corte
0072_00-05-07_174.jpg,307.174,00-05-07.174,corte
0073_00-05-07_808.jpg,307.808,00-05-07.808,corte
0074_00-05-09_075.jpg,309.075,00-05-09.075,corte
0075_00-05-12_612.jpg,312.612,00-05-12.612,corte
0076_00-05-16_983.jpg,316.983,00-05-16.983,corte
0077_00-05-19_152.jpg,319.152,00-05-19.152,corte
0078_00-05-20_820.jpg,320.820,00-05-20.820,corte
0079_00-05-23_523.jpg,323.523,00-05-23.523,corte
0080_00-05-27_250.jpg,327.250,00-05-27.250,suave
0081_00-05-31_364.jpg,331.364,00-05-31.364,corte
0082_00-05-33_834.jpg,333.834,00-05-33.834,corte
0083_00-05-37_170.jpg,337.170,00-05-37.170,corte
0084_00-05-40_273.jpg,340.273,00-05-40.273,corte
0085_00-05-42_809.jpg,342.809,00-05-42.809,corte
0086_00-05-48_982.jpg,348.982,00-05-48.982,corte
0087_00-05-52_118.jpg,352.118,00-05-52.118,corte
0088_00-05-54_688.jpg,354.688,00-05-54.688,corte
0089_00-05-56_156.jpg,356.156,00-05-56.156,corte
0090_00-05-56_957.jpg,356.957,00-05-56.957,corte
0091_00-05-58_158.jpg,358.158,00-05-58.158,corte
0092_00-05-59_292.jpg,359.292,00-05-59.292,corte
0093_00-06-00_427.jpg,360.427,00-06-00.427,corte
0094_00-06-01_461.jpg,361.461,00-06-01.461,corte
0095_00-06-02_662.jpg,362.662,00-06-02.662,corte
0096_00-06-03_830.jpg,363.830,00-06-03.830,corte
0097_00-06-06_299.jpg,366.299,00-06-06.299,corte
0098_00-06-10_103.jpg,370.103,00-06-10.103,corte
0099_00-06-11_004.jpg,371.004,00-06-11.004,corte
0100_00-06-12_005.jpg,372.005,00-06-12.005,corte
0101_00-06-15_408.jpg,375.408,00-06-15.408,corte
0102_00-06-19_279.jpg,379.279,00-06-19.279,corte
0103_00-06-24_000.jpg,384.000,00-06-24.000,suave
0104_00-06-27_954.jpg,387.954,00-06-27.954,corte
0105_00-06-31_024.jpg,391.024,00-06-31.024,corte
0106_00-06-32_192.jpg,392.192,00-06-32.192,corte
0107_00-06-36_463.jpg,396.463,00-06-36.463,corte
0108_00-06-38_331.jpg,398.331,00-06-38.331,corte
0109_00-06-40_166.jpg,400.166,00-06-40.166,corte
0110_00-06-44_704.jpg,404.704,00-06-44.704,corte
0111_00-06-53_113.jpg,413.113,00-06-53.113,corte
0112_00-06-57_000.jpg,417.000,00-06-57.000,suave
0113_00-06-59_052.jpg,419.052,00-06-59.052,corte
0114_00-06-59_986.jpg,419.986,00-06-59.986,corte
0115_00-07-01_788.jpg,421.788,00-07-01.788,corte
0116_00-07-04_557.jpg,424.557,00-07-04.557,corte
0117_00-07-10_500.jpg,430.500,00-07-10.500,suave
0118_00-07-15_201.jpg,435.201,00-07-15.201,corte
0119_00-07-16_569.jpg,436.569,00-07-16.569,corte
0120_00-07-32_052.jpg,452.052,00-07-32.052,corte
0121_00-07-34_988.jpg,454.988,00-07-34.988,corte
0122_00-07-37_957.jpg,457.957,00-07-37.957,corte
0123_00-07-40_026.jpg,460.026,00-07-40.026,corte
0124_00-07-42_429.jpg,462.429,00-07-42.429,corte
0125_00-07-44_097.jpg,464.097,00-07-44.097,corte
0126_00-07-45_332.jpg,465.332,00-07-45.332,corte
0127_00-07-47_467.jpg,467.467,00-07-47.467,corte
0128_00-07-49_002.jpg,469.002,00-07-49.002,corte
0129_00-07-52_672.jpg,472.672,00-07-52.672,corte
0130_00-07-56_109.jpg,476.109,00-07-56.109,corte
0131_00-07-58_878.jpg,478.878,00-07-58.878,corte
0132_00-08-08_021.jpg,488.021,00-08-08.021,corte
0133_00-08-10_500.jpg,490.500,00-08-10.500,suave
0134_00-08-13_750.jpg,493.750,00-08-13.750,suave
0135_00-08-18_500.jpg,498.500,00-08-18.500,suave
0136_00-08-21_434.jpg,501.434,00-08-21.434,corte
0137_00-08-22_869.jpg,502.869,00-08-22.869,corte
0138_00-08-23_770.jpg,503.770,00-08-23.770,corte
0139_00-08-29_609.jpg,509.609,00-08-29.609,corte
0140_00-08-31_444.jpg,511.444,00-08-31.444,corte
0141_00-08-41_250.jpg,521.250,00-08-41.250,suave
0142_00-08-43_923.jpg,523.923,00-08-43.923,corte
0143_00-08-45_125.jpg,525.125,00-08-45.125,corte
0144_00-08-46_750.jpg,526.750,00-08-46.750,suave
0145_00-08-50_250.jpg,530.250,00-08-50.250,suave
0146_00-08-54_401.jpg,534.401,00-08-54.401,corte
0147_00-09-00_540.jpg,540.540,00-09-00.540,corte
0148_00-09-01_374.jpg,541.374,00-09-01.374,corte
0149_00-09-04_344.jpg,544.344,00-09-04.344,corte
0150_00-09-07_113.jpg,547.113,00-09-07.113,corte
0151_00-09-11_651.jpg,551.651,00-09-11.651,corte
0152_00-09-13_753.jpg,553.753,00-09-13.753,corte
0153_00-09-14_654.jpg,554.654,00-09-14.654,corte
0154_00-09-17_750.jpg,557.750,00-09-17.750,suave
0155_00-09-21_250.jpg,561.250,00-09-21.250,suave
0156_00-09-23_750.jpg,563.750,00-09-23.750,suave
0157_00-09-25_031.jpg,565.031,00-09-25.031,corte
0158_00-09-29_750.jpg,569.750,00-09-29.750,suave
0159_00-09-33_750.jpg,573.750,00-09-33.750,suave
0160_00-09-34_574.jpg,574.574,00-09-34.574,corte
0161_00-09-36_876.jpg,576.876,00-09-36.876,corte
0162_00-09-40_547.jpg,580.547,00-09-40.547,corte
0163_00-09-42_415.jpg,582.415,00-09-42.415,corte
0164_00-09-43_850.jpg,583.850,00-09-43.850,corte
0165_00-09-45_251.jpg,585.251,00-09-45.251,corte
0166_00-09-49_189.jpg,589.189,00-09-49.189,corte
0167_00-09-52_750.jpg,592.750,00-09-52.750,suave
0168_00-09-55_000.jpg,595.000,00-09-55.000,suave
0169_00-09-59_098.jpg,599.098,00-09-59.098,corte
0170_00-10-02_135.jpg,602.135,00-10-02.135,corte
0171_00-10-03_136.jpg,603.136,00-10-03.136,corte
0172_00-10-07_507.jpg,607.507,00-10-07.507,corte
0173_00-10-10_376.jpg,610.376,00-10-10.376,corte
0174_00-10-11_778.jpg,611.778,00-10-11.778,corte
0175_00-10-12_812.jpg,612.812,00-10-12.812,corte
0176_00-10-22_055.jpg,622.055,00-10-22.055,corte
0177_00-10-23_656.jpg,623.656,00-10-23.656,corte
0178_00-10-25_692.jpg,625.692,00-10-25.692,corte
0179_00-10-27_427.jpg,627.427,00-10-27.427,corte
0180_00-10-30_750.jpg,630.750,00-10-30.750,suave
0181_00-10-33_250.jpg,633.250,00-10-33.250,suave
0182_00-10-34_467.jpg,634.467,00-10-34.467,corte
0183_00-10-36_703.jpg,636.703,00-10-36.703,corte
0184_00-10-39_250.jpg,639.250,00-10-39.250,suave
0185_00-10-43_676.jpg,643.676,00-10-43.676,corte
0186_00-10-46_646.jpg,646.646,00-10-46.646,corte
0187_00-10-49_816.jpg,649.816,00-10-49.816,corte
0188_00-10-54_120.jpg,654.120,00-10-54.120,corte
0189_00-10-57_524.jpg,657.524,00-10-57.524,corte
0190_00-11-00_193.jpg,660.193,00-11-00.193,corte
0191_00-11-02_295.jpg,662.295,00-11-02.295,corte
0192_00-11-04_597.jpg,664.597,00-11-04.597,corte
0193_00-11-07_233.jpg,667.233,00-11-07.233,corte
0194_00-11-10_750.jpg,670.750,00-11-10.750,suave
0195_00-11-11_905.jpg,671.905,00-11-11.905,corte
0196_00-11-14_941.jpg,674.941,00-11-14.941,corte
0197_00-11-17_443.jpg,677.443,00-11-17.443,corte
0198_00-11-18_211.jpg,678.211,00-11-18.211,corte
0199_00-11-29_222.jpg,689.222,00-11-29.222,corte
0200_00-11-32_091.jpg,692.091,00-11-32.091,corte
0201_00-11-33_593.jpg,693.593,00-11-33.593,corte
0202_00-11-36_229.jpg,696.229,00-11-36.229,corte
0203_00-11-37_130.jpg,697.130,00-11-37.130,corte
0204_00-11-37_997.jpg,697.997,00-11-37.997,corte
0205_00-11-44_250.jpg,704.250,00-11-44.250,suave
0206_00-11-48_250.jpg,708.250,00-11-48.250,suave
0207_00-11-50_000.jpg,710.000,00-11-50.000,suave
0208_00-11-56_000.jpg,716.000,00-11-56.000,suave
0209_00-11-58_750.jpg,718.750,00-11-58.750,suave
0210_00-12-08_294.jpg,728.294,00-12-08.294,corte
0211_00-12-26_279.jpg,746.279,00-12-26.279,corte
0212_00-12-29_616.jpg,749.616,00-12-29.616,corte
0213_00-12-35_655.jpg,755.655,00-12-35.655,corte
0214_00-12-45_500.jpg,765.500,00-12-45.500,suave
0215_00-12-46_165.jpg,766.165,00-12-46.165,corte
0216_00-12-47_200.jpg,767.200,00-12-47.200,corte
0217_00-12-49_802.jpg,769.802,00-12-49.802,corte
0218_00-12-53_250.jpg,773.250,00-12-53.250,suave
0219_00-12-55_808.jpg,775.808,00-12-55.808,corte
0220_00-12-57_777.jpg,777.777,00-12-57.777,corte
0221_00-13-06_750.jpg,786.750,00-13-06.750,suave
0222_00-13-09_722.jpg,789.722,00-13-09.722,corte
0223_00-13-12_358.jpg,792.358,00-13-12.358,corte
0224_00-13-22_935.jpg,802.935,00-13-22.935,corte
0225_00-13-26_139.jpg,806.139,00-13-26.139,corte
0226_00-13-32_345.jpg,812.345,00-13-32.345,corte
0227_00-13-33_946.jpg,813.946,00-13-33.946,corte
0228_00-13-35_248.jpg,815.248,00-13-35.248,corte
0229_00-13-37_116.jpg,817.116,00-13-37.116,corte
0230_00-13-38_284.jpg,818.284,00-13-38.284,corte
0231_00-13-42_288.jpg,822.288,00-13-42.288,corte
0232_00-13-46_292.jpg,826.292,00-13-46.292,corte
0233_00-13-47_627.jpg,827.627,00-13-47.627,corte
0234_00-13-48_695.jpg,828.695,00-13-48.695,corte
0235_00-14-07_013.jpg,847.013,00-14-07.013,corte
0236_00-14-12_952.jpg,852.952,00-14-12.952,corte
0237_00-14-14_921.jpg,854.921,00-14-14.921,corte
0238_00-14-19_959.jpg,859.959,00-14-19.959,corte
0239_00-14-21_127.jpg,861.127,00-14-21.127,corte
0240_00-14-24_364.jpg,864.364,00-14-24.364,corte
0241_00-14-32_250.jpg,872.250,00-14-32.250,suave
0242_00-14-36_142.jpg,876.142,00-14-36.142,corte
0243_00-14-41_647.jpg,881.647,00-14-41.647,corte
0244_00-14-43_683.jpg,883.683,00-14-43.683,corte
0245_00-14-46_352.jpg,886.352,00-14-46.352,corte
0246_00-14-50_022.jpg,890.022,00-14-50.022,corte
0247_00-14-55_750.jpg,895.750,00-14-55.750,suave
0248_00-15-12_000.jpg,912.000,00-15-12.000,suave
0249_00-15-13_446.jpg,913.446,00-15-13.446,corte
0250_00-15-15_000.jpg,915.000,00-15-15.000,suave
0251_00-15-17_750.jpg,917.750,00-15-17.750,suave
0252_00-15-19_750.jpg,919.750,00-15-19.750,suave
0253_00-15-25_858.jpg,925.858,00-15-25.858,corte
0254_00-15-28_094.jpg,928.094,00-15-28.094,corte
0255_00-15-32_031.jpg,932.031,00-15-32.031,corte
0256_00-15-34_000.jpg,934.000,00-15-34.000,corte
0257_00-15-36_002.jpg,936.002,00-15-36.002,corte
0258_00-15-48_000.jpg,948.000,00-15-48.000,suave
0259_00-15-50_850.jpg,950.850,00-15-50.850,corte
0260_00-15-55_000.jpg,955.000,00-15-55.000,suave
0261_00-15-58_000.jpg,958.000,00-15-58.000,suave
0262_00-16-00_750.jpg,960.750,00-16-00.750,suave
0263_00-16-01_594.jpg,961.594,00-16-01.594,corte
0264_00-16-04_564.jpg,964.564,00-16-04.564,corte
0265_00-16-08_134.jpg,968.134,00-16-08.134,corte
0266_00-16-10_770.jpg,970.770,00-16-10.770,corte
0267_00-16-11_471.jpg,971.471,00-16-11.471,corte
0268_00-16-17_210.jpg,977.210,00-16-17.210,corte
0269_00-16-23_115.jpg,983.115,00-16-23.115,corte
0270_00-16-28_554.jpg,988.554,00-16-28.554,corte
0271_00-16-42_802.jpg,1002.802,00-16-42.802,corte
0272_00-16-44_804.jpg,1004.804,00-16-44.804,corte
0273_00-16-47_006.jpg,1007.006,00-16-47.006,corte
0274_00-16-50_643.jpg,1010.643,00-16-50.643,corte
0275_00-16-54_580.jpg,1014.580,00-16-54.580,corte
0276_00-16-57_083.jpg,1017.083,00-16-57.083,corte
0277_00-17-00_920.jpg,1020.920,00-17-00.920,corte
0278_00-17-02_855.jpg,1022.855,00-17-02.855,corte
0279_00-17-06_893.jpg,1026.893,00-17-06.893,corte
0280_00-17-11_063.jpg,1031.063,00-17-11.063,corte
0281_00-17-17_103.jpg,1037.103,00-17-17.103,corte
0282_00-17-19_906.jpg,1039.906,00-17-19.906,corte
0283_00-17-29_649.jpg,1049.649,00-17-29.649,corte
0284_00-17-31_750.jpg,1051.750,00-17-31.750,suave
0285_00-17-32_885.jpg,1052.885,00-17-32.885,corte
0286_00-17-35_454.jpg,1055.454,00-17-35.454,corte
0287_00-17-38_124.jpg,1058.124,00-17-38.124,corte
0288_00-17-40_750.jpg,1060.750,00-17-40.750,suave
0289_00-17-42_028.jpg,1062.028,00-17-42.028,corte
0290_00-17-46_250.jpg,1066.250,00-17-46.250,suave
0291_00-17-49_250.jpg,1069.250,00-17-49.250,suave
0292_00-18-09_689.jpg,1089.689,00-18-09.689,corte
0293_00-18-15_494.jpg,1095.494,00-18-15.494,corte
0294_00-18-21_601.jpg,1101.601,00-18-21.601,corte
0295_00-18-24_203.jpg,1104.203,00-18-24.203,corte
0296_00-18-26_038.jpg,1106.038,00-18-26.038,corte
0297_00-18-31_010.jpg,1111.010,00-18-31.010,corte
0298_00-18-34_580.jpg,1114.580,00-18-34.580,corte
0299_00-18-36_616.jpg,1116.616,00-18-36.616,corte
0300_00-18-40_000.jpg,1120.000,00-18-40.000,suave
0301_00-18-43_500.jpg,1123.500,00-18-43.500,suave
0302_00-18-52_832.jpg,1132.832,00-18-52.832,corte
0303_00-18-54_800.jpg,1134.800,00-18-54.800,corte
0304_00-19-03_342.jpg,1143.342,00-19-03.342,corte
0305_00-19-06_112.jpg,1146.112,00-19-06.112,corte
0306_00-19-07_079.jpg,1147.079,00-19-07.079,corte
0307_00-19-08_381.jpg,1148.381,00-19-08.381,corte
0308_00-19-09_548.jpg,1149.548,00-19-09.548,corte
0309_00-19-12_151.jpg,1152.151,00-19-12.151,corte
0310_00-19-13_586.jpg,1153.586,00-19-13.586,corte
0311_00-19-14_987.jpg,1154.987,00-19-14.987,corte
0312_00-19-15_988.jpg,1155.988,00-19-15.988,corte
0313_00-19-17_423.jpg,1157.423,00-19-17.423,corte
0314_00-19-20_359.jpg,1160.359,00-19-20.359,corte
0315_00-19-23_963.jpg,1163.963,00-19-23.963,corte
0316_00-19-25_498.jpg,1165.498,00-19-25.498,corte
0317_00-19-34_206.jpg,1174.206,00-19-34.206,corte
0318_00-19-36_709.jpg,1176.709,00-19-36.709,corte
0319_00-19-41_447.jpg,1181.447,00-19-41.447,corte
0320_00-19-43_649.jpg,1183.649,00-19-43.649,corte
0321_00-19-47_820.jpg,1187.820,00-19-47.820,corte
0322_00-19-51_323.jpg,1191.323,00-19-51.323,corte
0323_00-19-56_996.jpg,1196.996,00-19-56.996,corte
0324_00-20-14_647.jpg,1214.647,00-20-14.647,corte
0325_00-20-19_051.jpg,1219.051,00-20-19.051,corte
0326_00-20-23_500.jpg,1223.500,00-20-23.500,suave
0327_00-20-26_500.jpg,1226.500,00-20-26.500,suave
0328_00-20-51_083.jpg,1251.083,00-20-51.083,corte
0329_00-20-54_320.jpg,1254.320,00-20-54.320,corte
0330_00-20-59_425.jpg,1259.425,00-20-59.425,corte
0331_00-21-02_461.jpg,1262.461,00-21-02.461,corte
0332_00-21-04_497.jpg,1264.497,00-21-04.497,corte
0333_00-21-10_469.jpg,1270.469,00-21-10.469,corte
0334_00-21-15_107.jpg,1275.107,00-21-15.107,corte
0335_00-21-17_209.jpg,1277.209,00-21-17.209,corte
0336_00-21-20_212.jpg,1280.212,00-21-20.212,corte
0337_00-21-25_250.jpg,1285.250,00-21-25.250,suave
0338_00-21-26_452.jpg,1286.452,00-21-26.452,corte
0339_00-21-28_354.jpg,1288.354,00-21-28.354,corte
0340_00-21-30_689.jpg,1290.689,00-21-30.689,corte
0341_00-21-31_791.jpg,1291.791,00-21-31.791,corte
0342_00-21-33_750.jpg,1293.750,00-21-33.750,suave
0343_00-21-36_750.jpg,1296.750,00-21-36.750,suave
0344_00-21-38_030.jpg,1298.030,00-21-38.030,corte
0345_00-21-45_104.jpg,1305.104,00-21-45.104,corte
0346_00-21-46_672.jpg,1306.672,00-21-46.672,corte
0347_00-21-48_007.jpg,1308.007,00-21-48.007,corte
0348_00-21-52_500.jpg,1312.500,00-21-52.500,suave
0349_00-21-59_718.jpg,1319.718,00-21-59.718,corte
0350_00-22-04_857.jpg,1324.857,00-22-04.857,corte
0351_00-22-37_156.jpg,1357.156,00-22-37.156,corte
0352_00-22-41_393.jpg,1361.393,00-22-41.393,corte
0353_00-22-54_006.jpg,1374.006,00-22-54.006,corte
0354_00-22-56_909.jpg,1376.909,00-22-56.909,corte
0355_00-22-59_144.jpg,1379.144,00-22-59.144,corte
0356_00-23-00_512.jpg,1380.512,00-23-00.512,corte
0357_00-23-08_354.jpg,1388.354,00-23-08.354,corte
0358_00-23-10_750.jpg,1390.750,00-23-10.750,suave
0359_00-23-18_597.jpg,1398.597,00-23-18.597,corte
0360_00-23-20_399.jpg,1400.399,00-23-20.399,corte
0361_00-23-21_934.jpg,1401.934,00-23-21.934,corte
0362_00-23-33_500.jpg,1413.500,00-23-33.500,suave
0363_00-23-36_500.jpg,1416.500,00-23-36.500,suave
0364_00-23-41_186.jpg,1421.186,00-23-41.186,corte
0365_00-23-43_789.jpg,1423.789,00-23-43.789,corte
0366_00-23-51_196.jpg,1431.196,00-23-51.196,corte
0367_00-23-53_866.jpg,1433.866,00-23-53.866,corte
0368_00-23-55_501.jpg,1435.501,00-23-55.501,corte
0369_00-23-56_969.jpg,1436.969,00-23-56.969,corte
0370_00-24-03_642.jpg,1443.642,00-24-03.642,corte
0371_00-24-08_947.jpg,1448.947,00-24-08.947,corte
0372_00-24-13_352.jpg,1453.352,00-24-13.352,corte
0373_00-24-16_121.jpg,1456.121,00-24-16.121,corte
0374_00-24-27_733.jpg,1467.733,00-24-27.733,corte
0375_00-24-29_750.jpg,1469.750,00-24-29.750,suave
0376_00-24-33_772.jpg,1473.772,00-24-33.772,corte
0377_00-24-35_500.jpg,1475.500,00-24-35.500,suave
0378_00-24-40_446.jpg,1480.446,00-24-40.446,corte
0379_00-24-43_916.jpg,1483.916,00-24-43.916,corte
0380_00-24-47_252.jpg,1487.252,00-24-47.252,corte
0381_00-24-53_392.jpg,1493.392,00-24-53.392,corte
0382_00-24-59_331.jpg,1499.331,00-24-59.331,corte
0383_00-25-06_638.jpg,1506.638,00-25-06.638,corte
0384_00-25-12_111.jpg,1512.111,00-25-12.111,corte
0385_00-25-12_978.jpg,1512.978,00-25-12.978,corte
0386_00-25-14_847.jpg,1514.847,00-25-14.847,corte
0387_00-25-17_649.jpg,1517.649,00-25-17.649,corte
0388_00-25-19_500.jpg,1519.500,00-25-19.500,suave
0389_00-25-22_388.jpg,1522.388,00-25-22.388,corte
0390_00-25-32_297.jpg,1532.297,00-25-32.297,corte
0391_00-25-36_969.jpg,1536.969,00-25-36.969,corte
0392_00-25-45_000.jpg,1545.000,00-25-45.000,suave
0393_00-26-02_928.jpg,1562.928,00-26-02.928,corte
0394_00-26-10_569.jpg,1570.569,00-26-10.569,corte
0395_00-26-14_473.jpg,1574.473,00-26-14.473,corte
0396_00-26-27_386.jpg,1587.386,00-26-27.386,corte
0397_00-26-31_023.jpg,1591.023,00-26-31.023,corte
0398_00-26-49_908.jpg,1609.908,00-26-49.908,corte
0399_00-27-05_023.jpg,1625.023,00-27-05.023,corte
0400_00-27-09_094.jpg,1629.094,00-27-09.094,corte
0401_00-27-14_433.jpg,1634.433,00-27-14.433,corte
0402_00-27-16_635.jpg,1636.635,00-27-16.635,corte
0403_00-27-24_250.jpg,1644.250,00-27-24.250,suave
0404_00-27-26_000.jpg,1646.000,00-27-26.000,suave
0405_00-27-35_487.jpg,1655.487,00-27-35.487,corte
0406_00-27-41_460.jpg,1661.460,00-27-41.460,corte
0407_00-27-43_362.jpg,1663.362,00-27-43.362,corte
0408_00-27-44_496.jpg,1664.496,00-27-44.496,corte
0409_00-27-46_000.jpg,1666.000,00-27-46.000,suave
0410_00-27-56_341.jpg,1676.341,00-27-56.341,corte
0411_00-28-00_946.jpg,1680.946,00-28-00.946,corte
0412_00-28-15_527.jpg,1695.527,00-28-15.527,corte
0413_00-28-20_599.jpg,1700.599,00-28-20.599,corte
0414_00-28-23_769.jpg,1703.769,00-28-23.769,corte
0415_00-28-29_374.jpg,1709.374,00-28-29.374,corte
0416_00-28-32_177.jpg,1712.177,00-28-32.177,corte
0417_00-28-35_714.jpg,1715.714,00-28-35.714,corte
0418_00-28-40_052.jpg,1720.052,00-28-40.052,corte
0419_00-28-43_555.jpg,1723.555,00-28-43.555,corte
0420_00-28-45_250.jpg,1725.250,00-28-45.250,suave
0421_00-28-51_930.jpg,1731.930,00-28-51.930,corte
0422_00-28-55_167.jpg,1735.167,00-28-55.167,corte
0423_00-28-57_035.jpg,1737.035,00-28-57.035,corte
0424_00-28-58_971.jpg,1738.971,00-28-58.971,corte
0425_00-29-01_873.jpg,1741.873,00-29-01.873,corte
0426_00-29-03_008.jpg,1743.008,00-29-03.008,corte
0427_00-29-09_014.jpg,1749.014,00-29-09.014,corte
0428_00-29-11_717.jpg,1751.717,00-29-11.717,corte
0429_00-29-13_719.jpg,1753.719,00-29-13.719,corte
0430_00-29-15_254.jpg,1755.254,00-29-15.254,corte
0431_00-29-17_489.jpg,1757.489,00-29-17.489,corte
0432_00-29-22_327.jpg,1762.327,00-29-22.327,corte
0433_00-29-25_897.jpg,1765.897,00-29-25.897,corte
0434_00-29-29_167.jpg,1769.167,00-29-29.167,corte
0435_00-29-36_250.jpg,1776.250,00-29-36.250,suave
0436_00-29-37_750.jpg,1777.750,00-29-37.750,suave
0437_00-29-40_646.jpg,1780.646,00-29-40.646,corte
0438_00-29-44_182.jpg,1784.182,00-29-44.182,corte
0439_00-29-45_751.jpg,1785.751,00-29-45.751,corte
0440_00-29-47_786.jpg,1787.786,00-29-47.786,corte
0441_00-29-50_489.jpg,1790.489,00-29-50.489,corte
0442_00-29-52_824.jpg,1792.824,00-29-52.824,corte
0443_00-29-54_726.jpg,1794.726,00-29-54.726,corte
0444_00-29-56_261.jpg,1796.261,00-29-56.261,corte
0445_00-29-57_896.jpg,1797.896,00-29-57.896,corte
0446_00-29-59_297.jpg,1799.297,00-29-59.297,corte
0447_00-30-03_702.jpg,1803.702,00-30-03.702,corte
0448_00-30-05_704.jpg,1805.704,00-30-05.704,corte
0449_00-30-09_941.jpg,1809.941,00-30-09.941,corte
0450_00-30-12_911.jpg,1812.911,00-30-12.911,corte
0451_00-30-14_046.jpg,1814.046,00-30-14.046,corte
0452_00-30-15_847.jpg,1815.847,00-30-15.847,corte
0453_00-30-18_000.jpg,1818.000,00-30-18.000,suave
0454_00-30-20_952.jpg,1820.952,00-30-20.952,corte
0455_00-30-22_421.jpg,1822.421,00-30-22.421,corte
0456_00-30-23_622.jpg,1823.622,00-30-23.622,corte
0457_00-30-25_657.jpg,1825.657,00-30-25.657,corte
0458_00-30-27_526.jpg,1827.526,00-30-27.526,corte
0459_00-30-29_695.jpg,1829.695,00-30-29.695,corte
0460_00-30-30_962.jpg,1830.962,00-30-30.962,corte
0461_00-30-32_698.jpg,1832.698,00-30-32.698,corte
0462_00-30-34_666.jpg,1834.666,00-30-34.666,corte
0463_00-30-35_434.jpg,1835.434,00-30-35.434,corte
0464_00-30-37_169.jpg,1837.169,00-30-37.169,corte
0465_00-30-39_571.jpg,1839.571,00-30-39.571,corte
0466_00-30-40_739.jpg,1840.739,00-30-40.739,corte
0467_00-30-43_341.jpg,1843.341,00-30-43.341,corte
0468_00-30-46_678.jpg,1846.678,00-30-46.678,corte
0469_00-30-58_223.jpg,1858.223,00-30-58.223,corte
0470_00-31-00_292.jpg,1860.292,00-31-00.292,corte
0471_00-31-02_260.jpg,1862.260,00-31-02.260,corte
0472_00-31-04_262.jpg,1864.262,00-31-04.262,corte
0473_00-31-06_164.jpg,1866.164,00-31-06.164,corte
0474_00-31-07_232.jpg,1867.232,00-31-07.232,corte
0475_00-31-08_900.jpg,1868.900,00-31-08.900,corte
0476_00-31-10_035.jpg,1870.035,00-31-10.035,corte
0477_00-31-11_636.jpg,1871.636,00-31-11.636,corte
0478_00-31-12_971.jpg,1872.971,00-31-12.971,corte
0479_00-31-16_775.jpg,1876.775,00-31-16.775,corte
0480_00-31-19_778.jpg,1879.778,00-31-19.778,corte
0481_00-31-21_847.jpg,1881.847,00-31-21.847,corte
0482_00-31-23_648.jpg,1883.648,00-31-23.648,corte
0483_00-31-25_250.jpg,1885.250,00-31-25.250,suave
0484_00-31-27_000.jpg,1887.000,00-31-27.000,suave
0485_00-31-28_653.jpg,1888.653,00-31-28.653,corte
0486_00-31-30_455.jpg,1890.455,00-31-30.455,corte
0487_00-31-33_825.jpg,1893.825,00-31-33.825,corte
0488_00-31-36_528.jpg,1896.528,00-31-36.528,corte
0489_00-31-41_833.jpg,1901.833,00-31-41.833,corte
0490_00-31-45_570.jpg,1905.570,00-31-45.570,corte
0491_00-31-48_407.jpg,1908.407,00-31-48.407,corte
0492_00-31-50_500.jpg,1910.500,00-31-50.500,suave
0493_00-31-54_746.jpg,1914.746,00-31-54.746,corte
0494_00-31-59_017.jpg,1919.017,00-31-59.017,corte
0495_00-32-03_488.jpg,1923.488,00-32-03.488,corte
0496_00-32-04_556.jpg,1924.556,00-32-04.556,corte
0497_00-32-06_992.jpg,1926.992,00-32-06.992,corte
0498_00-32-08_226.jpg,1928.226,00-32-08.226,corte
0499_00-32-10_328.jpg,1930.328,00-32-10.328,corte
0500_00-32-11_763.jpg,1931.763,00-32-11.763,corte
0501_00-32-15_367.jpg,1935.367,00-32-15.367,corte
0502_00-32-18_136.jpg,1938.136,00-32-18.136,corte
0503_00-32-20_438.jpg,1940.438,00-32-20.438,corte
0504_00-32-22_808.jpg,1942.808,00-32-22.808,corte
0505_00-32-25_710.jpg,1945.710,00-32-25.710,corte
0506_00-32-28_814.jpg,1948.814,00-32-28.814,corte
0507_00-32-31_283.jpg,1951.283,00-32-31.283,corte
0508_00-32-35_921.jpg,1955.921,00-32-35.921,corte
0509_00-32-40_926.jpg,1960.926,00-32-40.926,corte
0510_00-32-45_764.jpg,1965.764,00-32-45.764,corte
0511_00-32-46_832.jpg,1966.832,00-32-46.832,corte
0512_00-32-48_500.jpg,1968.500,00-32-48.500,corte
0513_00-32-50_502.jpg,1970.502,00-32-50.502,corte
0514_00-32-52_938.jpg,1972.938,00-32-52.938,corte
0515_00-32-54_940.jpg,1974.940,00-32-54.940,corte
0516_00-32-58_143.jpg,1978.143,00-32-58.143,corte
0517_00-33-01_046.jpg,1981.046,00-33-01.046,corte
0518_00-33-05_450.jpg,1985.450,00-33-05.450,corte
0519_00-33-07_919.jpg,1987.919,00-33-07.919,corte
0520_00-33-12_424.jpg,1992.424,00-33-12.424,corte
0521_00-33-15_961.jpg,1995.961,00-33-15.961,corte
0522_00-33-22_767.jpg,2002.767,00-33-22.767,corte
0523_00-33-24_035.jpg,2004.035,00-33-24.035,corte
0524_00-33-25_750.jpg,2005.750,00-33-25.750,suave
0525_00-33-27_639.jpg,2007.639,00-33-27.639,corte
0526_00-33-29_274.jpg,2009.274,00-33-29.274,corte
0527_00-33-32_000.jpg,2012.000,00-33-32.000,suave
0528_00-33-34_513.jpg,2014.513,00-33-34.513,corte
0529_00-33-38_183.jpg,2018.183,00-33-38.183,corte
0530_00-33-39_551.jpg,2019.551,00-33-39.551,corte
0531_00-33-41_353.jpg,2021.353,00-33-41.353,corte
0532_00-33-42_487.jpg,2022.487,00-33-42.487,corte
0533_00-33-43_788.jpg,2023.788,00-33-43.788,corte
0534_00-33-47_325.jpg,2027.325,00-33-47.325,corte
0535_00-33-49_261.jpg,2029.261,00-33-49.261,corte
0536_00-33-51_663.jpg,2031.663,00-33-51.663,corte
0537_00-33-56_750.jpg,2036.750,00-33-56.750,suave
0538_00-34-02_000.jpg,2042.000,00-34-02.000,suave
0539_00-34-05_000.jpg,2045.000,00-34-05.000,suave
0540_00-34-11_383.jpg,2051.383,00-34-11.383,corte
0541_00-34-12_584.jpg,2052.584,00-34-12.584,corte
0542_00-34-14_052.jpg,2054.052,00-34-14.052,corte
0543_00-34-15_954.jpg,2055.954,00-34-15.954,corte
0544_00-34-17_188.jpg,2057.188,00-34-17.188,corte
0545_00-34-20_792.jpg,2060.792,00-34-20.792,corte
0546_00-34-22_661.jpg,2062.661,00-34-22.661,corte
0547_00-34-25_463.jpg,2065.463,00-34-25.463,corte
0548_00-34-30_750.jpg,2070.750,00-34-30.750,suave
0549_00-34-34_500.jpg,2074.500,00-34-34.500,suave
0550_00-34-36_408.jpg,2076.408,00-34-36.408,corte
0551_00-34-48_086.jpg,2088.086,00-34-48.086,corte
0552_00-34-50_288.jpg,2090.288,00-34-50.288,corte
0553_00-34-51_790.jpg,2091.790,00-34-51.790,corte
0554_00-35-00_298.jpg,2100.298,00-35-00.298,corte
0555_00-35-03_835.jpg,2103.835,00-35-03.835,corte
0556_00-35-06_104.jpg,2106.104,00-35-06.104,corte
0557_00-35-07_872.jpg,2107.872,00-35-07.872,corte
0558_00-35-11_776.jpg,2111.776,00-35-11.776,corte
0559_00-35-18_016.jpg,2118.016,00-35-18.016,corte
0560_00-35-21_319.jpg,2121.319,00-35-21.319,corte
0561_00-35-23_288.jpg,2123.288,00-35-23.288,corte
0562_00-35-28_059.jpg,2128.059,00-35-28.059,corte
0563_00-35-30_695.jpg,2130.695,00-35-30.695,corte
0564_00-35-32_500.jpg,2132.500,00-35-32.500,suave
